{
  "features": {
    "alpha_63d": {
      "cumulative_score": 6.549099999999979,
      "correct_count": 1712,
      "wrong_count": 1136,
      "total_appearances": 2848
    },
    "var_ratio_21d": {
      "cumulative_score": 11.677989999999923,
      "correct_count": 2662,
      "wrong_count": 1620,
      "total_appearances": 4282
    },
    "ret_63d": {
      "cumulative_score": 5.155705000000004,
      "correct_count": 1611,
      "wrong_count": 1393,
      "total_appearances": 3004
    },
    "roc_60d": {
      "cumulative_score": 6.634295000000014,
      "correct_count": 2128,
      "wrong_count": 1481,
      "total_appearances": 3609
    },
    "rsi_28": {
      "cumulative_score": 1.406699999999994,
      "correct_count": 498,
      "wrong_count": 213,
      "total_appearances": 711
    },
    "ma50_200_xover": {
      "cumulative_score": 11.989300000000078,
      "correct_count": 3256,
      "wrong_count": 1798,
      "total_appearances": 5054
    },
    "regime_vix_norm": {
      "cumulative_score": 3.3759849999999982,
      "correct_count": 1024,
      "wrong_count": 713,
      "total_appearances": 1737
    },
    "vix_level": {
      "cumulative_score": 5.1750250000000015,
      "correct_count": 1705,
      "wrong_count": 1275,
      "total_appearances": 2980
    },
    "sector_rs_63d": {
      "cumulative_score": 6.791740000000036,
      "correct_count": 1389,
      "wrong_count": 484,
      "total_appearances": 1873
    },
    "month": {
      "cumulative_score": 9.763714999999856,
      "correct_count": 2743,
      "wrong_count": 1842,
      "total_appearances": 4585
    },
    "vol_63d": {
      "cumulative_score": 25.108609999999853,
      "correct_count": 4779,
      "wrong_count": 2411,
      "total_appearances": 7190
    },
    "beta_63d": {
      "cumulative_score": 12.666099999999977,
      "correct_count": 2687,
      "wrong_count": 1313,
      "total_appearances": 4000
    },
    "dist_low_20d": {
      "cumulative_score": 0.6936950000000033,
      "correct_count": 250,
      "wrong_count": 221,
      "total_appearances": 471
    },
    "ichi_tk_ratio": {
      "cumulative_score": 1.6802750000000004,
      "correct_count": 674,
      "wrong_count": 475,
      "total_appearances": 1149
    },
    "autocorr_1d": {
      "cumulative_score": 14.277160000000011,
      "correct_count": 3184,
      "wrong_count": 1899,
      "total_appearances": 5083
    },
    "mom_accel_21": {
      "cumulative_score": 2.117875000000001,
      "correct_count": 618,
      "wrong_count": 130,
      "total_appearances": 748
    },
    "month_sin": {
      "cumulative_score": 8.685999999999998,
      "correct_count": 2235,
      "wrong_count": 1163,
      "total_appearances": 3398
    },
    "var_ratio_10d": {
      "cumulative_score": 8.917375000000051,
      "correct_count": 2197,
      "wrong_count": 1392,
      "total_appearances": 3589
    },
    "sector_rs_21d": {
      "cumulative_score": 1.426120000000008,
      "correct_count": 366,
      "wrong_count": 225,
      "total_appearances": 591
    },
    "spy_ma200_ratio": {
      "cumulative_score": 11.27860999999999,
      "correct_count": 3142,
      "wrong_count": 2166,
      "total_appearances": 5308
    },
    "regime_spy_mom63": {
      "cumulative_score": 6.786934999999999,
      "correct_count": 1947,
      "wrong_count": 1460,
      "total_appearances": 3407
    },
    "pos_52w_low": {
      "cumulative_score": 11.350999999999903,
      "correct_count": 2966,
      "wrong_count": 2000,
      "total_appearances": 4966
    },
    "quarter": {
      "cumulative_score": 1.0026450000000022,
      "correct_count": 551,
      "wrong_count": 597,
      "total_appearances": 1148
    },
    "autocorr_5d": {
      "cumulative_score": 8.66345499999999,
      "correct_count": 2274,
      "wrong_count": 1381,
      "total_appearances": 3655
    },
    "earnings_proxy": {
      "cumulative_score": 0.6820749999999995,
      "correct_count": 308,
      "wrong_count": 238,
      "total_appearances": 546
    },
    "ma20_ratio": {
      "cumulative_score": 0.4493000000000002,
      "correct_count": 151,
      "wrong_count": 135,
      "total_appearances": 286
    },
    "earnings_proxy_cos": {
      "cumulative_score": 0.5507199999999989,
      "correct_count": 204,
      "wrong_count": 138,
      "total_appearances": 342
    },
    "alpha_21d": {
      "cumulative_score": 1.4315299999999995,
      "correct_count": 448,
      "wrong_count": 211,
      "total_appearances": 659
    },
    "roc_30d": {
      "cumulative_score": 2.0735650000000025,
      "correct_count": 737,
      "wrong_count": 463,
      "total_appearances": 1200
    },
    "ma20_50_xover": {
      "cumulative_score": 2.087545000000002,
      "correct_count": 771,
      "wrong_count": 549,
      "total_appearances": 1320
    },
    "autocorr_10d": {
      "cumulative_score": 7.470689999999962,
      "correct_count": 1883,
      "wrong_count": 1137,
      "total_appearances": 3020
    },
    "month_cos": {
      "cumulative_score": 8.301945000000053,
      "correct_count": 2058,
      "wrong_count": 1405,
      "total_appearances": 3463
    },
    "vol_regime": {
      "cumulative_score": 3.4866900000000074,
      "correct_count": 953,
      "wrong_count": 523,
      "total_appearances": 1476
    },
    "pos_52w_high": {
      "cumulative_score": 14.500555000000114,
      "correct_count": 4027,
      "wrong_count": 2546,
      "total_appearances": 6573
    },
    "regime_vol_ratio": {
      "cumulative_score": 4.265904999999994,
      "correct_count": 1262,
      "wrong_count": 785,
      "total_appearances": 2047
    },
    "vol_5d": {
      "cumulative_score": 1.7482549999999948,
      "correct_count": 534,
      "wrong_count": 320,
      "total_appearances": 854
    },
    "atr_ratio": {
      "cumulative_score": 4.02822000000003,
      "correct_count": 1413,
      "wrong_count": 1160,
      "total_appearances": 2573
    },
    "ichi_cloud_width": {
      "cumulative_score": 3.397090000000002,
      "correct_count": 1283,
      "wrong_count": 967,
      "total_appearances": 2250
    },
    "spy_ma50_ratio": {
      "cumulative_score": 2.479385000000008,
      "correct_count": 765,
      "wrong_count": 412,
      "total_appearances": 1177
    },
    "vpt_trend": {
      "cumulative_score": 3.087785,
      "correct_count": 851,
      "wrong_count": 420,
      "total_appearances": 1271
    },
    "ma100_ratio": {
      "cumulative_score": 2.1727450000000013,
      "correct_count": 1131,
      "wrong_count": 1028,
      "total_appearances": 2159
    },
    "macd_sig": {
      "cumulative_score": 2.7107599999999947,
      "correct_count": 742,
      "wrong_count": 505,
      "total_appearances": 1247
    },
    "regime_mom63": {
      "cumulative_score": 2.124039999999996,
      "correct_count": 709,
      "wrong_count": 548,
      "total_appearances": 1257
    },
    "ma200_ratio": {
      "cumulative_score": 3.559144999999987,
      "correct_count": 1686,
      "wrong_count": 1408,
      "total_appearances": 3094
    },
    "regime_spy_vs_200ma": {
      "cumulative_score": 7.106009999999949,
      "correct_count": 1624,
      "wrong_count": 1458,
      "total_appearances": 3082
    },
    "vol_21d": {
      "cumulative_score": 1.9696799999999968,
      "correct_count": 844,
      "wrong_count": 795,
      "total_appearances": 1639
    },
    "macd_norm": {
      "cumulative_score": 1.3938100000000004,
      "correct_count": 587,
      "wrong_count": 543,
      "total_appearances": 1130
    },
    "ichi_price_vs_cloud": {
      "cumulative_score": 1.4144549999999982,
      "correct_count": 572,
      "wrong_count": 552,
      "total_appearances": 1124
    },
    "obv_trend": {
      "cumulative_score": 2.5305249999999977,
      "correct_count": 632,
      "wrong_count": 553,
      "total_appearances": 1185
    },
    "macd_hist": {
      "cumulative_score": -0.15037499999999973,
      "correct_count": 132,
      "wrong_count": 333,